ApplicantIncome,CoapplicantIncome,TotalIncome,LoanAmount,LoanAmount_log
5849,0.0,5849.0,128.0,4.852030263919617
4583,1508.0,6091.0,128.0,4.852030263919617
3000,0.0,3000.0,66.0,4.189654742026425
2583,2358.0,4941.0,120.0,4.787491742782046
6000,0.0,6000.0,141.0,4.948759890378168
5417,4196.0,9613.0,267.0,5.58724865840025
2333,1516.0,3849.0,95.0,4.553876891600541
3036,2504.0,5540.0,158.0,5.062595033026967
4006,1526.0,5532.0,168.0,5.123963979403259
12841,10968.0,23809.0,349.0,5.855071922202427
