model,accuracy,precision,recall,f1,support
random_forest,0.9657980456026058,0.9673659673659674,0.9834123222748815,0.9753231492361927,422
decision_tree,0.8371335504885994,0.8259109311740891,0.966824644549763,0.8908296943231441,422
logistic,0.8127035830618893,0.7934990439770554,0.9834123222748815,0.8783068783068783,422
naive_bayes,0.7996742671009772,0.7972166998011928,0.9502369668246445,0.867027027027027,422
